regio3,bezirk,district_tier,listing_count,avg_rent,avg_price_per_sqm,city_rank,bezirk_rank
Mitte_Mitte,Mitte,Premium,794,1786.9,20.28,1,1
Tiergarten_Tiergarten,Mitte,Premium,764,1434.38,19.53,2,2
Grunewald_Wilmersdorf,Charlottenburg-Wilmersdorf,Premium,92,2405.0,17.51,3,1
Prenzlauer_Berg_Prenzlauer_Berg,Pankow,Premium,473,1552.83,17.5,4,1
Kreuzberg_Kreuzberg,Friedrichshain-Kreuzberg,Premium,323,1311.76,17.19,5,1
Friedrichshain_Friedrichshain,Friedrichshain-Kreuzberg,Premium,553,1323.49,17.12,6,2
Wilmersdorf_Wilmersdorf,Charlottenburg-Wilmersdorf,Premium,368,1675.33,16.87,7,2
Schöneberg_Schöneberg,Tempelhof-Schöneberg,Mid,279,1439.03,16.3,8,1
Charlottenburg_Charlottenburg,Charlottenburg-Wilmersdorf,Premium,701,1588.97,16.08,9,3
Heinersdorf_Weißensee,Pankow,Premium,25,611.21,16.02,10,2
Dahlem_Zehlendorf,Steglitz-Zehlendorf,Mid,58,1808.88,15.39,11,1
Nikolassee_Zehlendorf,Steglitz-Zehlendorf,Mid,29,1731.65,15.05,12,2
Treptow_Treptow,Treptow-Köpenick,Mid,22,1116.41,14.91,13,1
Wedding_Wedding,Mitte,Premium,397,778.71,14.83,14,3
Niederschöneweide_Treptow,Treptow-Köpenick,Mid,89,705.84,14.54,15,2
Neukölln_Neukölln,Neukölln,Mid,361,1035.21,14.43,16,1
Schmargendorf_Wilmersdorf,Charlottenburg-Wilmersdorf,Premium,90,1348.65,14.36,17,4
Rummelsburg_Lichtenberg,Lichtenberg,Mid,5,1776.02,14.09,18,1
Tempelhof_Tempelhof,Tempelhof-Schöneberg,Mid,91,942.48,13.91,19,2
Wannsee_Zehlendorf,Steglitz-Zehlendorf,Mid,38,1426.21,13.52,20,3
Friedenau_Schöneberg,Tempelhof-Schöneberg,Mid,45,1241.44,13.19,21,3
Pankow_Pankow,Pankow,Premium,152,1022.13,12.95,22,3
Steglitz_Steglitz,Steglitz-Zehlendorf,Mid,158,1083.17,12.95,22,4
Marienfelde_Tempelhof,Tempelhof-Schöneberg,Mid,87,877.76,12.89,24,4
Oberschöneweide_Köpenick,Treptow-Köpenick,Mid,137,663.56,12.85,25,3
Weißensee_Weißensee,Pankow,Premium,162,1073.67,12.8,26,4
Kladow_Spandau,Spandau,Affordable,18,1049.61,12.69,27,1
Grünau_Köpenick,Treptow-Köpenick,Mid,76,1060.97,12.67,28,4
Rahnsdorf_Köpenick,Treptow-Köpenick,Mid,18,1062.52,12.62,29,5
Friedrichsfelde_Lichtenberg,Lichtenberg,Mid,161,706.57,12.6,30,2
Adlershof_Treptow,Treptow-Köpenick,Mid,133,869.65,12.59,31,6
Zehlendorf_Zehlendorf,Steglitz-Zehlendorf,Mid,93,1023.99,12.56,32,5
Lichtenberg_Lichtenberg,Lichtenberg,Mid,137,925.78,12.45,33,3
Lichterfelde_Steglitz,Steglitz-Zehlendorf,Mid,203,1093.48,12.3,34,6
Rosenthal_Pankow,Pankow,Premium,55,1015.8,12.24,35,5
Konradshöhe_Reinickendorf,Reinickendorf,Affordable,5,964.32,12.23,36,1
Schmöckwitz_Köpenick,Treptow-Köpenick,Mid,10,962.64,12.06,37,7
Tegel_Reinickendorf,Reinickendorf,Affordable,76,957.29,11.88,38,2
Heiligensee_Reinickendorf,Reinickendorf,Affordable,20,1145.22,11.82,39,3
Britz_Neukölln,Neukölln,Mid,60,822.91,11.81,40,2
Bohnsdorf_Treptow,Treptow-Köpenick,Mid,14,827.05,11.74,41,8
Niederschönhausen_Pankow,Pankow,Premium,91,917.26,11.62,42,6
Altglienicke_Treptow,Treptow-Köpenick,Mid,54,893.14,11.61,43,9
Karlshorst_Lichtenberg,Lichtenberg,Mid,55,884.68,11.58,44,4
Hermsdorf_Reinickendorf,Reinickendorf,Affordable,34,1025.2,11.57,45,4
Johannisthal_Treptow,Treptow-Köpenick,Mid,63,891.98,11.51,46,10
Reinickendorf_Reinickendorf,Reinickendorf,Affordable,236,727.96,11.45,47,5
Französisch_Buchholz_Pankow,Pankow,Premium,64,816.8,11.41,48,7
Frohnau_Reinickendorf,Reinickendorf,Affordable,35,1028.05,11.4,49,6
Müggelheim_Köpenick,Treptow-Köpenick,Mid,10,971.0,11.26,50,11
Lankwitz_Steglitz,Steglitz-Zehlendorf,Mid,61,842.92,11.23,51,7
Mariendorf_Tempelhof,Tempelhof-Schöneberg,Mid,62,813.97,11.17,52,5
Friedrichshagen_Köpenick,Treptow-Köpenick,Mid,43,1111.19,11.12,53,12
Köpenick_Köpenick,Treptow-Köpenick,Mid,351,813.77,11.06,54,13
Mahlsdorf_Hellersdorf,Marzahn-Hellersdorf,Affordable,32,851.11,10.74,55,1
Baumschulenweg_Treptow,Treptow-Köpenick,Mid,31,750.57,10.68,56,14
Wittenau_Reinickendorf,Reinickendorf,Affordable,48,811.67,10.43,57,7
Biesdorf_Marzahn,Marzahn-Hellersdorf,Affordable,114,688.32,10.22,58,2
Buch_Pankow,Pankow,Premium,24,804.65,10.19,59,8
Karow_Weißensee,Pankow,Premium,91,720.67,10.12,60,9
Rudow_Neukölln,Neukölln,Mid,34,813.99,10.05,61,3
Plänterwald_Treptow,Treptow-Köpenick,Mid,14,994.76,10.05,61,15
Siemensstadt_Spandau,Spandau,Affordable,50,682.27,10.01,63,2
Alt_Hohenschönhausen_Hohenschönhausen,Lichtenberg,Mid,111,642.99,9.84,64,5
Spandau_Spandau,Spandau,Affordable,415,709.34,9.76,65,3
Lichtenrade_Tempelhof,Tempelhof-Schöneberg,Mid,90,843.92,9.73,66,6
Neu_Hohenschönhausen_Hohenschönhausen,Lichtenberg,Mid,80,612.84,9.38,67,6
Buckow_Neukölln,Neukölln,Mid,57,638.96,9.38,67,4
Kaulsdorf_Hellersdorf,Marzahn-Hellersdorf,Affordable,28,730.09,9.29,69,3
Staaken_Spandau,Spandau,Affordable,110,611.54,9.26,70,4
Haselhorst_Spandau,Spandau,Affordable,16,608.99,9.03,71,5
Hellersdorf_Hellersdorf,Marzahn-Hellersdorf,Affordable,272,546.52,8.91,72,4
Waidmannslust_Reinickendorf,Reinickendorf,Affordable,58,627.49,8.1,73,8
Marzahn_Marzahn,Marzahn-Hellersdorf,Affordable,146,500.65,7.9,74,5
